{"cameraMode":{"drawMode":0,"name":"Shaded","section":"Shading Mode"},"sceneLighting":true,"audioPlay":false,"sceneViewState":{"m_AlwaysRefresh":false,"showFog":true,"showSkybox":true,"showFlares":true,"showImageEffects":true,"showParticleSystems":true,"showVisualEffectGraphs":true,"m_FxEnabled":true},"in2DMode":false,"pivot":{"x":9.452498435974121,"y":0.2531411349773407,"z":6.5938286781311039},"rotation":{"x":0.11725468933582306,"y":-0.25124886631965639,"z":0.030677596107125284,"w":0.9603039026260376},"size":3.4956390857696535,"orthographic":true}